<?xml version="1.0" encoding="UTF-8"?>
<project-private xmlns="http://www.netbeans.org/ns/project-private/1">
    <editor-bookmarks xmlns="http://www.netbeans.org/ns/editor-bookmarks/2" lastBookmarkId="0"/>
    <open-files xmlns="http://www.netbeans.org/ns/projectui-open-files/2">
        <group>
            <file>file:/C:/Users/Yoga6/Documents/Tugas%20Arin/TokoBuku/src/TokoBuku/MainMenu.java</file>
            <file>file:/C:/Users/Yoga6/Documents/Tugas%20Arin/TokoBuku/src/TokoBuku/MenuUser.java</file>
            <file>file:/C:/Users/Yoga6/Documents/Tugas%20Arin/TokoBuku/src/TokoBuku/Login.java</file>
            <file>file:/C:/Users/Yoga6/Documents/Tugas%20Arin/TokoBuku/src/User/User.java</file>
            <file>file:/C:/Users/Yoga6/Documents/Tugas%20Arin/TokoBuku/src/Database/KoneksiSQL.java</file>
            <file>file:/C:/Users/Yoga6/Documents/Tugas%20Arin/TokoBuku/src/User/Admin.java</file>
            <file>file:/C:/Users/Yoga6/Documents/Tugas%20Arin/TokoBuku/src/TokoBuku/MenuAdmin.java</file>
        </group>
    </open-files>
</project-private>
